Date,Open,High,Low,Close,Volume,Hold
2025-07-31 11:11:00,8995.0,9000.0,8994.0,8999.0,70,381388
2025-07-31 11:12:00,8998.0,9001.0,8997.0,8999.0,12,381448
2025-07-31 11:13:00,8998.0,8999.0,8994.0,8997.0,13,381375
2025-07-31 11:14:00,8997.0,9000.0,8996.0,9000.0,114,381401
2025-07-31 11:15:00,8999.0,9002.0,8999.0,9002.0,180,381360
2025-07-31 11:16:00,9002.0,9005.0,9001.0,9004.0,31,381062
2025-07-31 11:17:00,9004.0,9005.0,8999.0,9004.0,145,380930
2025-07-31 11:18:00,9004.0,9006.0,9002.0,9003.0,40,380787
2025-07-31 11:19:00,9003.0,9008.0,9003.0,9008.0,21,380371
2025-07-31 11:20:00,9007.0,9012.0,9007.0,9009.0,85,380034
2025-07-31 11:21:00,9009.0,9013.0,9009.0,9013.0,101,379780
2025-07-31 11:22:00,9012.0,9015.0,9012.0,9013.0,166,379434
2025-07-31 11:23:00,9013.0,9018.0,9012.0,9017.0,177,379190
2025-07-31 11:24:00,9017.0,9018.0,9011.0,9012.0,1127,378748
2025-07-31 11:25:00,9012.0,9013.0,9010.0,9013.0,358,378589
2025-07-31 11:26:00,9012.0,9014.0,9008.0,9013.0,1373,378376
2025-07-31 11:27:00,9013.0,9016.0,9012.0,9014.0,1221,378183
2025-07-31 11:28:00,9015.0,9019.0,9014.0,9015.0,1271,377797
2025-07-31 11:29:00,9016.0,9016.0,9013.0,9015.0,964,377483
2025-07-31 11:30:00,9015.0,9017.0,9013.0,9017.0,36,376981
2025-07-31 13:31:00,9025.0,9025.0,9016.0,9021.0,48,376732
2025-07-31 13:32:00,9021.0,9021.0,9017.0,9018.0,1253,376898
2025-07-31 13:33:00,9018.0,9019.0,9014.0,9018.0,1788,376851
2025-07-31 13:34:00,9017.0,9022.0,9016.0,9021.0,2259,376906
2025-07-31 13:35:00,9021.0,9023.0,9017.0,9018.0,1197,376732
2025-07-31 13:36:00,9018.0,9019.0,9016.0,9018.0,1089,376593
2025-07-31 13:37:00,9018.0,9019.0,9013.0,9014.0,1437,376536
2025-07-31 13:38:00,9014.0,9014.0,9006.0,9011.0,2527,376179
2025-07-31 13:39:00,9011.0,9012.0,9008.0,9010.0,182,376306
2025-07-31 13:40:00,9011.0,9014.0,9008.0,9014.0,1007,376339
2025-07-31 13:41:00,9014.0,9018.0,9013.0,9017.0,1140,376408
2025-07-31 13:42:00,9017.0,9019.0,9014.0,9016.0,695,376304
2025-07-31 13:43:00,9016.0,9016.0,9012.0,9012.0,969,376026
2025-07-31 13:44:00,9012.0,9013.0,9007.0,9011.0,2088,376185
2025-07-31 13:45:00,9012.0,9012.0,9009.0,9009.0,1061,376192
2025-07-31 13:46:00,9009.0,9010.0,9005.0,9006.0,304,376085
2025-07-31 13:47:00,9006.0,9007.0,9005.0,9005.0,43,375997
2025-07-31 13:48:00,9005.0,9009.0,9005.0,9008.0,22,375686
2025-07-31 13:49:00,9008.0,9009.0,9006.0,9007.0,47,375629
2025-07-31 13:50:00,9007.0,9010.0,9007.0,9009.0,2,375577
2025-07-31 13:51:00,9009.0,9010.0,9008.0,9009.0,56,375572
2025-07-31 13:52:00,9009.0,9016.0,9008.0,9014.0,64,375998
2025-07-31 13:53:00,9014.0,9015.0,9012.0,9014.0,24,375793
2025-07-31 13:54:00,9013.0,9015.0,9013.0,9014.0,82,375784
2025-07-31 13:55:00,9014.0,9018.0,9014.0,9017.0,100,375662
2025-07-31 13:56:00,9017.0,9020.0,9017.0,9019.0,138,375723
2025-07-31 13:57:00,9019.0,9022.0,9018.0,9018.0,1192,375784
2025-07-31 13:58:00,9019.0,9022.0,9015.0,9022.0,1540,375925
2025-07-31 13:59:00,9022.0,9024.0,9021.0,9023.0,1111,375853
2025-07-31 14:00:00,9022.0,9025.0,9020.0,9020.0,1366,375683
2025-07-31 14:01:00,9020.0,9021.0,9018.0,9018.0,1129,375686
2025-07-31 14:02:00,9018.0,9018.0,9015.0,9016.0,1286,375823
2025-07-31 14:03:00,9016.0,9018.0,9014.0,9016.0,969,375744
2025-07-31 14:04:00,9016.0,9016.0,9013.0,9013.0,41,375761
2025-07-31 14:05:00,9013.0,9018.0,9013.0,9017.0,17,375817
2025-07-31 14:06:00,9017.0,9022.0,9017.0,9020.0,1346,375833
2025-07-31 14:07:00,9020.0,9021.0,9017.0,9017.0,595,375723
2025-07-31 14:08:00,9017.0,9019.0,9017.0,9019.0,408,375732
2025-07-31 14:09:00,9019.0,9020.0,9016.0,9018.0,589,375694
2025-07-31 14:10:00,9018.0,9019.0,9016.0,9018.0,419,375675
2025-07-31 14:11:00,9018.0,9020.0,9017.0,9019.0,398,375579
2025-07-31 14:12:00,9020.0,9020.0,9016.0,9017.0,882,375349
2025-07-31 14:13:00,9017.0,9021.0,9015.0,9019.0,850,375360
2025-07-31 14:14:00,9020.0,9020.0,9015.0,9017.0,653,375357
2025-07-31 14:15:00,9018.0,9018.0,9017.0,9018.0,58,375302
2025-07-31 14:16:00,9018.0,9018.0,9016.0,9017.0,25,375247
2025-07-31 14:17:00,9016.0,9018.0,9015.0,9015.0,158,375133
2025-07-31 14:18:00,9014.0,9018.0,9014.0,9018.0,156,375113
2025-07-31 14:19:00,9017.0,9017.0,9015.0,9016.0,72,375115
2025-07-31 14:20:00,9015.0,9017.0,9014.0,9016.0,97,375133
2025-07-31 14:21:00,9020.0,9020.0,9017.0,9018.0,11,374993
2025-07-31 14:22:00,9017.0,9019.0,9016.0,9018.0,94,375005
2025-07-31 14:23:00,9017.0,9017.0,9014.0,9015.0,66,374803
2025-07-31 14:24:00,9014.0,9017.0,9014.0,9017.0,514,374716
2025-07-31 14:25:00,9017.0,9020.0,9015.0,9019.0,645,374614
2025-07-31 14:26:00,9019.0,9020.0,9015.0,9016.0,588,374411
2025-07-31 14:27:00,9016.0,9018.0,9015.0,9016.0,832,374276
2025-07-31 14:28:00,9016.0,9019.0,9014.0,9017.0,801,374322
2025-07-31 14:29:00,9017.0,9018.0,9016.0,9016.0,643,374273
2025-07-31 14:30:00,9016.0,9018.0,9015.0,9016.0,650,374316
2025-07-31 14:31:00,9017.0,9018.0,9015.0,9017.0,1046,374147
2025-07-31 14:32:00,9016.0,9018.0,9015.0,9016.0,951,373921
2025-07-31 14:33:00,9016.0,9017.0,9011.0,9013.0,1439,374044
2025-07-31 14:34:00,9014.0,9015.0,9012.0,9013.0,660,373939
2025-07-31 14:35:00,9013.0,9014.0,9010.0,9013.0,1095,374006
2025-07-31 14:36:00,9013.0,9014.0,9009.0,9014.0,1928,373957
2025-07-31 14:37:00,9013.0,9013.0,9008.0,9009.0,1194,373857
2025-07-31 14:38:00,9009.0,9010.0,9007.0,9010.0,1229,373638
2025-07-31 14:39:00,9009.0,9011.0,9007.0,9008.0,1306,373585
2025-07-31 14:40:00,9007.0,9008.0,9001.0,9004.0,2168,373862
2025-07-31 14:41:00,9004.0,9005.0,9000.0,9004.0,670,373774
2025-07-31 14:42:00,9004.0,9008.0,9004.0,9008.0,1157,373719
2025-07-31 14:43:00,9007.0,9008.0,9006.0,9007.0,307,373538
2025-07-31 14:44:00,9007.0,9008.0,9006.0,9006.0,759,373562
2025-07-31 14:45:00,9005.0,9007.0,9005.0,9007.0,391,373479
2025-07-31 14:46:00,9007.0,9008.0,9006.0,9008.0,699,373456
2025-07-31 14:47:00,9008.0,9009.0,9005.0,9007.0,664,373431
2025-07-31 14:48:00,9007.0,9008.0,9006.0,9007.0,933,373169
2025-07-31 14:49:00,9006.0,9009.0,9006.0,9009.0,276,373272
2025-07-31 14:50:00,9009.0,9014.0,9007.0,9012.0,1729,373032
2025-07-31 14:51:00,9012.0,9013.0,9009.0,9011.0,71,372708
2025-07-31 14:52:00,9009.0,9012.0,9009.0,9011.0,746,372632
2025-07-31 14:53:00,9011.0,9013.0,9007.0,9008.0,1373,372386
2025-07-31 14:54:00,9007.0,9011.0,9005.0,9007.0,1465,372252
2025-07-31 14:55:00,9006.0,9007.0,9005.0,9005.0,813,372017
2025-07-31 14:56:00,9006.0,9011.0,9006.0,9010.0,1380,372027
2025-07-31 14:57:00,9010.0,9010.0,9008.0,9009.0,737,371841
2025-07-31 14:58:00,9009.0,9012.0,9009.0,9011.0,1152,371748
2025-07-31 14:59:00,9011.0,9013.0,9011.0,9012.0,464,371321
2025-07-31 15:00:00,9008.0,9008.0,9008.0,9008.0,0,371110
2025-07-31 21:01:00,8938.0,8961.0,8930.0,8959.0,22793,370330
2025-07-31 21:02:00,8959.0,8964.0,8946.0,8964.0,9667,369775
2025-07-31 21:03:00,8964.0,8965.0,8954.0,8956.0,6473,370065
2025-07-31 21:04:00,8957.0,8958.0,8950.0,8950.0,4622,370523
2025-07-31 21:05:00,8951.0,8952.0,8940.0,8941.0,6690,370983
2025-07-31 21:06:00,8942.0,8946.0,8940.0,8944.0,4471,371270
2025-07-31 21:07:00,8944.0,8945.0,8939.0,8945.0,4273,371926
2025-07-31 21:08:00,8945.0,8949.0,8936.0,8938.0,5219,371649
2025-07-31 21:09:00,8937.0,8938.0,8929.0,8930.0,7745,372003
2025-07-31 21:10:00,8931.0,8935.0,8924.0,8925.0,6102,373260
2025-07-31 21:11:00,8924.0,8928.0,8922.0,8924.0,4072,373804
2025-07-31 21:12:00,8923.0,8927.0,8919.0,8926.0,4165,374503
2025-07-31 21:13:00,8927.0,8937.0,8924.0,8933.0,4019,374315
2025-07-31 21:14:00,8933.0,8937.0,8930.0,8936.0,2268,374362
2025-07-31 21:15:00,8937.0,8939.0,8929.0,8930.0,2544,374220
2025-07-31 21:16:00,8931.0,8939.0,8930.0,8937.0,2086,374214
2025-07-31 21:17:00,8938.0,8941.0,8937.0,8939.0,2417,374338
2025-07-31 21:18:00,8939.0,8939.0,8933.0,8933.0,1503,374485
2025-07-31 21:19:00,8933.0,8933.0,8923.0,8927.0,4551,374993
2025-07-31 21:20:00,8927.0,8927.0,8921.0,8921.0,3298,374914
2025-07-31 21:21:00,8921.0,8926.0,8918.0,8924.0,5142,375493
2025-07-31 21:22:00,8923.0,8932.0,8923.0,8929.0,3101,375991
2025-07-31 21:23:00,8930.0,8930.0,8925.0,8925.0,1618,376305
2025-07-31 21:24:00,8926.0,8927.0,8921.0,8926.0,2005,376403
2025-07-31 21:25:00,8926.0,8930.0,8925.0,8926.0,1596,376630
2025-07-31 21:26:00,8926.0,8929.0,8923.0,8923.0,1116,376733
2025-07-31 21:27:00,8924.0,8928.0,8920.0,8928.0,2060,376777
2025-07-31 21:28:00,8929.0,8931.0,8925.0,8927.0,2285,376932
2025-07-31 21:29:00,8928.0,8933.0,8927.0,8931.0,2040,376971
2025-07-31 21:30:00,8929.0,8930.0,8927.0,8928.0,1068,376957
2025-07-31 21:31:00,8929.0,8929.0,8920.0,8920.0,3211,377223
2025-07-31 21:32:00,8921.0,8925.0,8914.0,8917.0,5801,376673
2025-07-31 21:33:00,8918.0,8927.0,8918.0,8920.0,3413,376451
2025-07-31 21:34:00,8921.0,8924.0,8917.0,8923.0,1793,376521
2025-07-31 21:35:00,8923.0,8924.0,8918.0,8922.0,1794,376459
2025-07-31 21:36:00,8921.0,8927.0,8921.0,8923.0,2386,376890
2025-07-31 21:37:00,8923.0,8925.0,8917.0,8918.0,1719,376952
2025-07-31 21:38:00,8918.0,8931.0,8918.0,8930.0,2823,376843
2025-07-31 21:39:00,8930.0,8937.0,8927.0,8933.0,3416,376618
2025-07-31 21:40:00,8933.0,8933.0,8928.0,8928.0,1902,376295
2025-07-31 21:41:00,8927.0,8927.0,8921.0,8922.0,1575,376302
2025-07-31 21:42:00,8922.0,8924.0,8915.0,8916.0,3704,376947
2025-07-31 21:43:00,8917.0,8919.0,8915.0,8918.0,2488,377148
2025-07-31 21:44:00,8918.0,8922.0,8916.0,8916.0,1995,377602
2025-07-31 21:45:00,8917.0,8922.0,8916.0,8921.0,1448,377503
2025-07-31 21:46:00,8920.0,8926.0,8918.0,8918.0,2661,377408
2025-07-31 21:47:00,8918.0,8921.0,8912.0,8918.0,2705,377721
2025-07-31 21:48:00,8918.0,8922.0,8918.0,8918.0,1183,377501
2025-07-31 21:49:00,8919.0,8922.0,8916.0,8921.0,1907,377694
2025-07-31 21:50:00,8920.0,8927.0,8920.0,8923.0,2378,377477
2025-07-31 21:51:00,8923.0,8928.0,8921.0,8926.0,1677,377688
2025-07-31 21:52:00,8927.0,8931.0,8925.0,8926.0,2260,377585
2025-07-31 21:53:00,8926.0,8929.0,8924.0,8928.0,1036,377541
2025-07-31 21:54:00,8928.0,8931.0,8925.0,8929.0,1433,377649
2025-07-31 21:55:00,8929.0,8929.0,8925.0,8926.0,751,377629
2025-07-31 21:56:00,8926.0,8927.0,8922.0,8927.0,1240,377691
2025-07-31 21:57:00,8927.0,8929.0,8924.0,8928.0,1074,377648
2025-07-31 21:58:00,8928.0,8928.0,8922.0,8923.0,1053,377536
2025-07-31 21:59:00,8922.0,8925.0,8920.0,8922.0,1169,377470
2025-07-31 22:00:00,8921.0,8925.0,8920.0,8921.0,989,377552
2025-07-31 22:01:00,8920.0,8921.0,8917.0,8918.0,1639,377612
2025-07-31 22:02:00,8918.0,8919.0,8913.0,8915.0,3125,377871
2025-07-31 22:03:00,8915.0,8919.0,8915.0,8917.0,2012,377886
2025-07-31 22:04:00,8916.0,8920.0,8916.0,8920.0,970,377729
2025-07-31 22:05:00,8920.0,8924.0,8918.0,8923.0,1589,377812
2025-07-31 22:06:00,8923.0,8926.0,8921.0,8922.0,1398,377631
2025-07-31 22:07:00,8922.0,8924.0,8920.0,8921.0,608,377699
2025-07-31 22:08:00,8921.0,8925.0,8920.0,8923.0,671,377755
2025-07-31 22:09:00,8923.0,8925.0,8921.0,8922.0,611,377599
2025-07-31 22:10:00,8922.0,8923.0,8914.0,8915.0,1472,377740
2025-07-31 22:11:00,8914.0,8918.0,8912.0,8918.0,1868,377891
2025-07-31 22:12:00,8917.0,8918.0,8913.0,8914.0,1587,377925
2025-07-31 22:13:00,8914.0,8917.0,8912.0,8916.0,1234,378016
2025-07-31 22:14:00,8916.0,8919.0,8912.0,8913.0,1438,378074
2025-07-31 22:15:00,8913.0,8915.0,8908.0,8915.0,3669,378579
2025-07-31 22:16:00,8915.0,8920.0,8914.0,8919.0,2517,378198
2025-07-31 22:17:00,8918.0,8924.0,8918.0,8924.0,1609,378217
2025-07-31 22:18:00,8925.0,8928.0,8922.0,8923.0,2378,378346
2025-07-31 22:19:00,8922.0,8925.0,8921.0,8923.0,756,378304
2025-07-31 22:20:00,8922.0,8922.0,8915.0,8918.0,1591,378361
2025-07-31 22:21:00,8917.0,8918.0,8914.0,8915.0,1248,378201
2025-07-31 22:22:00,8914.0,8915.0,8910.0,8912.0,1915,378528
2025-07-31 22:23:00,8911.0,8913.0,8908.0,8908.0,2443,379072
2025-07-31 22:24:00,8908.0,8909.0,8906.0,8909.0,1254,379395
2025-07-31 22:25:00,8909.0,8914.0,8908.0,8913.0,1076,379321
2025-07-31 22:26:00,8913.0,8913.0,8910.0,8911.0,596,379474
2025-07-31 22:27:00,8911.0,8913.0,8906.0,8907.0,1470,379500
2025-07-31 22:28:00,8907.0,8908.0,8905.0,8907.0,1785,379627
2025-07-31 22:29:00,8906.0,8908.0,8905.0,8907.0,1330,379751
2025-07-31 22:30:00,8908.0,8910.0,8907.0,8909.0,959,379665
2025-07-31 22:31:00,8909.0,8909.0,8902.0,8903.0,2638,379985
2025-07-31 22:32:00,8902.0,8906.0,8901.0,8905.0,1649,380018
2025-07-31 22:33:00,8905.0,8907.0,8902.0,8904.0,1386,379967
2025-07-31 22:34:00,8904.0,8905.0,8902.0,8902.0,1199,380147
2025-07-31 22:35:00,8903.0,8907.0,8903.0,8906.0,1119,380118
2025-07-31 22:36:00,8907.0,8910.0,8907.0,8909.0,1209,380223
2025-07-31 22:37:00,8909.0,8909.0,8904.0,8904.0,809,380266
2025-07-31 22:38:00,8905.0,8911.0,8902.0,8910.0,1653,380299
2025-07-31 22:39:00,8911.0,8913.0,8908.0,8909.0,1524,380049
2025-07-31 22:40:00,8909.0,8915.0,8908.0,8914.0,1872,379699
2025-07-31 22:41:00,8915.0,8916.0,8913.0,8914.0,1750,379560
2025-07-31 22:42:00,8914.0,8916.0,8911.0,8915.0,1011,379616
2025-07-31 22:43:00,8914.0,8917.0,8912.0,8913.0,1153,379756
2025-07-31 22:44:00,8913.0,8913.0,8910.0,8911.0,658,379768
2025-07-31 22:45:00,8911.0,8918.0,8911.0,8917.0,1905,379370
2025-07-31 22:46:00,8918.0,8919.0,8915.0,8917.0,991,379199
2025-07-31 22:47:00,8917.0,8918.0,8913.0,8915.0,692,379315
2025-07-31 22:48:00,8915.0,8915.0,8911.0,8911.0,509,379326
2025-07-31 22:49:00,8911.0,8912.0,8907.0,8910.0,1591,379356
2025-07-31 22:50:00,8910.0,8911.0,8909.0,8911.0,560,379367
2025-07-31 22:51:00,8911.0,8914.0,8911.0,8912.0,572,379251
2025-07-31 22:52:00,8913.0,8913.0,8906.0,8907.0,1143,379190
2025-07-31 22:53:00,8907.0,8913.0,8907.0,8911.0,958,379118
2025-07-31 22:54:00,8911.0,8915.0,8911.0,8914.0,950,379067
2025-07-31 22:55:00,8914.0,8918.0,8914.0,8916.0,1800,379290
2025-07-31 22:56:00,8916.0,8918.0,8915.0,8916.0,1046,379047
2025-07-31 22:57:00,8915.0,8916.0,8911.0,8912.0,828,379160
2025-07-31 22:58:00,8912.0,8914.0,8911.0,8913.0,558,379385
2025-07-31 22:59:00,8912.0,8915.0,8911.0,8912.0,889,379427
2025-07-31 23:00:00,8912.0,8912.0,8907.0,8909.0,1264,379349
2025-07-31 23:01:00,8909.0,8913.0,8908.0,8909.0,1263,379677
2025-07-31 23:02:00,8909.0,8913.0,8906.0,8913.0,2217,380167
2025-07-31 23:03:00,8913.0,8917.0,8913.0,8914.0,1595,380308
2025-07-31 23:04:00,8915.0,8918.0,8914.0,8916.0,1113,380400
2025-07-31 23:05:00,8915.0,8917.0,8913.0,8914.0,819,380613
2025-07-31 23:06:00,8914.0,8916.0,8914.0,8914.0,606,380640
2025-07-31 23:07:00,8914.0,8914.0,8911.0,8912.0,981,380712
2025-07-31 23:08:00,8913.0,8915.0,8912.0,8914.0,1591,381199
2025-07-31 23:09:00,8913.0,8922.0,8913.0,8921.0,1955,381252
2025-07-31 23:10:00,8922.0,8925.0,8920.0,8921.0,2333,381269
2025-07-31 23:11:00,8921.0,8922.0,8919.0,8921.0,1355,381387
2025-07-31 23:12:00,8921.0,8922.0,8917.0,8919.0,1105,381464
2025-07-31 23:13:00,8919.0,8920.0,8918.0,8920.0,704,381255
2025-07-31 23:14:00,8920.0,8922.0,8919.0,8920.0,781,381148
2025-07-31 23:15:00,8921.0,8925.0,8920.0,8923.0,2130,380919
2025-07-31 23:16:00,8924.0,8928.0,8923.0,8926.0,2251,380762
2025-07-31 23:17:00,8926.0,8929.0,8926.0,8928.0,1529,380869
2025-07-31 23:18:00,8928.0,8928.0,8923.0,8924.0,1528,380809
2025-07-31 23:19:00,8924.0,8927.0,8923.0,8924.0,977,380825
2025-07-31 23:20:00,8924.0,8927.0,8923.0,8927.0,1032,380817
2025-07-31 23:21:00,8926.0,8932.0,8926.0,8930.0,2311,380579
2025-07-31 23:22:00,8929.0,8931.0,8926.0,8926.0,831,380581
2025-07-31 23:23:00,8926.0,8929.0,8925.0,8927.0,874,380770
2025-07-31 23:24:00,8927.0,8929.0,8925.0,8925.0,719,380858
2025-07-31 23:25:00,8926.0,8928.0,8925.0,8925.0,409,380886
2025-07-31 23:26:00,8926.0,8928.0,8925.0,8926.0,834,380919
2025-07-31 23:27:00,8926.0,8927.0,8923.0,8924.0,827,380934
2025-07-31 23:28:00,8924.0,8925.0,8923.0,8924.0,441,380850
2025-07-31 23:29:00,8923.0,8925.0,8921.0,8922.0,683,380800
2025-07-31 23:30:00,8922.0,8924.0,8921.0,8922.0,494,380780
2025-07-31 23:31:00,8921.0,8927.0,8921.0,8926.0,1159,380877
2025-07-31 23:32:00,8926.0,8928.0,8925.0,8926.0,554,380907
2025-07-31 23:33:00,8927.0,8929.0,8926.0,8929.0,764,380946
2025-07-31 23:34:00,8929.0,8933.0,8929.0,8932.0,1570,380809
2025-07-31 23:35:00,8932.0,8933.0,8930.0,8931.0,1138,380799
2025-07-31 23:36:00,8930.0,8934.0,8930.0,8933.0,1479,380959
2025-07-31 23:37:00,8933.0,8936.0,8932.0,8932.0,1426,380716
2025-07-31 23:38:00,8933.0,8933.0,8931.0,8933.0,466,380711
2025-07-31 23:39:00,8933.0,8933.0,8930.0,8930.0,559,380575
2025-07-31 23:40:00,8931.0,8933.0,8929.0,8932.0,768,380529
2025-07-31 23:41:00,8932.0,8934.0,8931.0,8932.0,738,380504
2025-07-31 23:42:00,8931.0,8932.0,8930.0,8931.0,328,380489
2025-07-31 23:43:00,8930.0,8931.0,8928.0,8929.0,813,380280
2025-07-31 23:44:00,8929.0,8929.0,8926.0,8928.0,1343,379685
2025-07-31 23:45:00,8929.0,8931.0,8928.0,8931.0,351,379679
2025-07-31 23:46:00,8931.0,8933.0,8930.0,8931.0,528,379473
2025-07-31 23:47:00,8931.0,8932.0,8930.0,8930.0,56,379483
2025-07-31 23:48:00,8931.0,8933.0,8930.0,8931.0,537,379620
2025-07-31 23:49:00,8931.0,8932.0,8931.0,8931.0,200,379648
2025-07-31 23:50:00,8931.0,8933.0,8931.0,8932.0,316,379593
2025-07-31 23:51:00,8931.0,8933.0,8931.0,8932.0,269,379590
2025-07-31 23:52:00,8933.0,8933.0,8930.0,8932.0,478,379687
2025-07-31 23:53:00,8931.0,8932.0,8929.0,8931.0,465,379658
2025-07-31 23:54:00,8931.0,8933.0,8931.0,8932.0,318,379690
2025-07-31 23:55:00,8932.0,8933.0,8930.0,8932.0,198,379637
2025-07-31 23:56:00,8932.0,8932.0,8930.0,8932.0,592,379627
2025-07-31 23:57:00,8932.0,8932.0,8930.0,8931.0,245,379680
2025-07-31 23:58:00,8930.0,8931.0,8928.0,8929.0,391,379722
2025-07-31 23:59:00,8929.0,8932.0,8929.0,8932.0,478,379682
2025-08-01 00:00:00,8932.0,8933.0,8930.0,8930.0,313,379771
2025-08-01 00:01:00,8930.0,8932.0,8929.0,8931.0,356,379711
2025-08-01 00:02:00,8930.0,8931.0,8928.0,8930.0,375,379768
2025-08-01 00:03:00,8930.0,8931.0,8927.0,8927.0,541,379592
2025-08-01 00:04:00,8927.0,8928.0,8925.0,8926.0,790,379390
2025-08-01 00:05:00,8925.0,8927.0,8925.0,8926.0,509,379409
2025-08-01 00:06:00,8927.0,8927.0,8923.0,8926.0,834,379284
2025-08-01 00:07:00,8925.0,8927.0,8924.0,8926.0,392,379288
2025-08-01 00:08:00,8926.0,8928.0,8925.0,8928.0,430,379235
2025-08-01 00:09:00,8928.0,8929.0,8926.0,8927.0,402,379177
2025-08-01 00:10:00,8927.0,8927.0,8925.0,8925.0,280,379156
2025-08-01 00:11:00,8925.0,8925.0,8923.0,8923.0,419,379152
2025-08-01 00:12:00,8923.0,8923.0,8918.0,8919.0,1804,378780
2025-08-01 00:13:00,8920.0,8920.0,8916.0,8916.0,1060,378694
2025-08-01 00:14:00,8916.0,8919.0,8916.0,8917.0,656,378665
2025-08-01 00:15:00,8917.0,8920.0,8917.0,8919.0,498,378735
2025-08-01 00:16:00,8919.0,8922.0,8919.0,8922.0,361,378682
2025-08-01 00:17:00,8922.0,8923.0,8920.0,8921.0,580,378765
2025-08-01 00:18:00,8921.0,8922.0,8920.0,8922.0,329,378678
2025-08-01 00:19:00,8922.0,8922.0,8919.0,8920.0,342,378669
2025-08-01 00:20:00,8919.0,8921.0,8918.0,8918.0,256,378647
2025-08-01 00:21:00,8918.0,8920.0,8918.0,8918.0,495,378622
2025-08-01 00:22:00,8918.0,8921.0,8917.0,8920.0,426,378653
2025-08-01 00:23:00,8920.0,8922.0,8919.0,8921.0,341,378602
2025-08-01 00:24:00,8921.0,8921.0,8919.0,8921.0,134,378636
2025-08-01 00:25:00,8921.0,8922.0,8920.0,8922.0,290,378592
2025-08-01 00:26:00,8922.0,8926.0,8922.0,8926.0,848,378492
2025-08-01 00:27:00,8925.0,8927.0,8925.0,8926.0,404,378449
2025-08-01 00:28:00,8926.0,8927.0,8925.0,8926.0,228,378476
2025-08-01 00:29:00,8926.0,8926.0,8924.0,8925.0,248,378462
2025-08-01 00:30:00,8925.0,8925.0,8922.0,8923.0,422,378416
2025-08-01 00:31:00,8923.0,8925.0,8921.0,8922.0,268,378395
2025-08-01 00:32:00,8922.0,8923.0,8921.0,8923.0,238,378450
2025-08-01 00:33:00,8923.0,8926.0,8923.0,8925.0,224,378407
2025-08-01 00:34:00,8925.0,8929.0,8925.0,8927.0,618,378339
2025-08-01 00:35:00,8928.0,8928.0,8926.0,8927.0,202,378382
2025-08-01 00:36:00,8927.0,8929.0,8927.0,8928.0,307,378412
2025-08-01 00:37:00,8928.0,8929.0,8927.0,8928.0,233,378416
2025-08-01 00:38:00,8928.0,8931.0,8928.0,8931.0,527,378319
2025-08-01 00:39:00,8931.0,8932.0,8928.0,8928.0,528,378350
2025-08-01 00:40:00,8928.0,8930.0,8928.0,8929.0,283,378355
2025-08-01 00:41:00,8929.0,8934.0,8929.0,8931.0,1341,378548
2025-08-01 00:42:00,8931.0,8934.0,8930.0,8933.0,641,378442
2025-08-01 00:43:00,8933.0,8936.0,8932.0,8936.0,1091,378331
2025-08-01 00:44:00,8935.0,8936.0,8934.0,8935.0,498,378246
2025-08-01 00:45:00,8935.0,8935.0,8934.0,8935.0,438,378264
2025-08-01 00:46:00,8935.0,8936.0,8932.0,8936.0,884,378279
2025-08-01 00:47:00,8936.0,8936.0,8932.0,8932.0,279,378284
2025-08-01 00:48:00,8933.0,8933.0,8931.0,8932.0,433,378305
2025-08-01 00:49:00,8932.0,8934.0,8932.0,8932.0,177,378281
2025-08-01 00:50:00,8932.0,8933.0,8931.0,8932.0,154,378259
2025-08-01 00:51:00,8931.0,8932.0,8930.0,8931.0,321,378204
2025-08-01 00:52:00,8931.0,8931.0,8930.0,8930.0,296,378092
2025-08-01 00:53:00,8930.0,8932.0,8930.0,8932.0,278,378109
2025-08-01 00:54:00,8932.0,8932.0,8930.0,8930.0,188,378090
2025-08-01 00:55:00,8930.0,8932.0,8930.0,8931.0,154,378063
2025-08-01 00:56:00,8931.0,8932.0,8930.0,8932.0,110,378072
2025-08-01 00:57:00,8932.0,8932.0,8931.0,8931.0,152,378107
2025-08-01 00:58:00,8931.0,8932.0,8931.0,8931.0,78,378077
2025-08-01 00:59:00,8931.0,8932.0,8930.0,8930.0,246,378013
2025-08-01 01:00:00,8930.0,8930.0,8927.0,8927.0,564,378020
2025-08-01 01:01:00,8926.0,8929.0,8925.0,8925.0,634,378008
2025-08-01 01:02:00,8925.0,8929.0,8925.0,8928.0,511,377851
2025-08-01 01:03:00,8928.0,8929.0,8927.0,8929.0,137,377851
2025-08-01 01:04:00,8929.0,8930.0,8928.0,8929.0,208,377883
2025-08-01 01:05:00,8929.0,8929.0,8928.0,8928.0,93,377861
2025-08-01 01:06:00,8928.0,8930.0,8928.0,8930.0,136,377885
2025-08-01 01:07:00,8929.0,8930.0,8928.0,8928.0,184,377874
2025-08-01 01:08:00,8928.0,8929.0,8928.0,8928.0,46,377867
2025-08-01 01:09:00,8928.0,8931.0,8928.0,8929.0,313,377777
2025-08-01 01:10:00,8929.0,8932.0,8929.0,8931.0,143,377712
2025-08-01 01:11:00,8931.0,8931.0,8929.0,8931.0,376,377753
2025-08-01 01:12:00,8931.0,8933.0,8930.0,8933.0,222,377722
2025-08-01 01:13:00,8933.0,8933.0,8931.0,8932.0,127,377750
2025-08-01 01:14:00,8932.0,8932.0,8931.0,8931.0,39,377738
2025-08-01 01:15:00,8931.0,8931.0,8929.0,8930.0,185,377802
2025-08-01 01:16:00,8930.0,8931.0,8930.0,8930.0,156,377781
2025-08-01 01:17:00,8930.0,8931.0,8929.0,8930.0,64,377765
2025-08-01 01:18:00,8930.0,8931.0,8927.0,8930.0,310,377620
2025-08-01 01:19:00,8930.0,8930.0,8928.0,8928.0,120,377612
2025-08-01 01:20:00,8928.0,8930.0,8927.0,8930.0,83,377587
2025-08-01 01:21:00,8929.0,8929.0,8928.0,8928.0,103,377548
2025-08-01 01:22:00,8928.0,8929.0,8927.0,8929.0,179,377494
2025-08-01 01:23:00,8928.0,8928.0,8926.0,8927.0,365,377542
2025-08-01 01:24:00,8927.0,8928.0,8926.0,8928.0,177,377567
2025-08-01 01:25:00,8928.0,8929.0,8927.0,8928.0,166,377547
2025-08-01 01:26:00,8928.0,8928.0,8927.0,8927.0,135,377526
2025-08-01 01:27:00,8927.0,8928.0,8927.0,8928.0,73,377542
2025-08-01 01:28:00,8928.0,8928.0,8924.0,8926.0,635,377457
2025-08-01 01:29:00,8926.0,8927.0,8923.0,8926.0,406,377467
2025-08-01 01:30:00,8926.0,8926.0,8923.0,8924.0,225,377439
2025-08-01 01:31:00,8924.0,8925.0,8922.0,8924.0,379,377367
2025-08-01 01:32:00,8924.0,8925.0,8923.0,8923.0,258,377288
2025-08-01 01:33:00,8924.0,8924.0,8921.0,8921.0,292,377235
2025-08-01 01:34:00,8921.0,8922.0,8920.0,8921.0,464,377174
2025-08-01 01:35:00,8921.0,8923.0,8921.0,8923.0,341,377250
2025-08-01 01:36:00,8923.0,8925.0,8922.0,8925.0,144,377243
2025-08-01 01:37:00,8925.0,8927.0,8924.0,8927.0,236,377223
2025-08-01 01:38:00,8927.0,8928.0,8926.0,8927.0,280,377182
2025-08-01 01:39:00,8927.0,8927.0,8926.0,8927.0,174,377187
2025-08-01 01:40:00,8927.0,8928.0,8925.0,8927.0,158,377135
2025-08-01 01:41:00,8927.0,8929.0,8927.0,8929.0,298,377116
2025-08-01 01:42:00,8929.0,8929.0,8927.0,8927.0,125,377151
2025-08-01 01:43:00,8927.0,8928.0,8926.0,8927.0,356,377175
2025-08-01 01:44:00,8927.0,8928.0,8927.0,8927.0,56,377175
2025-08-01 01:45:00,8927.0,8929.0,8925.0,8928.0,261,377099
2025-08-01 01:46:00,8928.0,8928.0,8927.0,8927.0,128,377066
2025-08-01 01:47:00,8927.0,8928.0,8927.0,8927.0,21,377063
2025-08-01 01:48:00,8927.0,8929.0,8927.0,8927.0,190,377046
2025-08-01 01:49:00,8927.0,8927.0,8925.0,8926.0,245,377009
2025-08-01 01:50:00,8926.0,8927.0,8925.0,8926.0,69,376995
2025-08-01 01:51:00,8926.0,8927.0,8925.0,8925.0,141,376984
2025-08-01 01:52:00,8925.0,8928.0,8925.0,8925.0,278,376931
2025-08-01 01:53:00,8926.0,8928.0,8924.0,8928.0,119,376944
2025-08-01 01:54:00,8928.0,8928.0,8925.0,8925.0,98,376934
2025-08-01 01:55:00,8925.0,8927.0,8925.0,8926.0,108,376946
2025-08-01 01:56:00,8926.0,8927.0,8926.0,8926.0,89,376926
2025-08-01 01:57:00,8926.0,8928.0,8926.0,8927.0,100,376926
2025-08-01 01:58:00,8927.0,8928.0,8926.0,8927.0,122,376906
2025-08-01 01:59:00,8927.0,8927.0,8926.0,8927.0,22,376907
2025-08-01 02:00:00,8927.0,8928.0,8926.0,8927.0,128,376886
2025-08-01 02:01:00,8927.0,8929.0,8927.0,8928.0,169,376929
2025-08-01 02:02:00,8928.0,8929.0,8928.0,8929.0,47,376914
2025-08-01 02:03:00,8929.0,8929.0,8927.0,8928.0,146,376870
2025-08-01 02:04:00,8928.0,8928.0,8925.0,8926.0,154,376834
2025-08-01 02:05:00,8926.0,8927.0,8925.0,8926.0,87,376826
2025-08-01 02:06:00,8926.0,8928.0,8926.0,8927.0,119,376802
2025-08-01 02:07:00,8927.0,8928.0,8926.0,8927.0,128,376770
2025-08-01 02:08:00,8927.0,8928.0,8926.0,8927.0,114,376756
2025-08-01 02:09:00,8927.0,8927.0,8925.0,8926.0,102,376726
2025-08-01 02:10:00,8926.0,8927.0,8925.0,8926.0,97,376762
2025-08-01 02:11:00,8926.0,8927.0,8924.0,8926.0,186,376767
2025-08-01 02:12:00,8926.0,8927.0,8925.0,8926.0,66,376760
2025-08-01 02:13:00,8927.0,8932.0,8926.0,8931.0,541,376662
2025-08-01 02:14:00,8931.0,8932.0,8930.0,8932.0,247,376691
2025-08-01 02:15:00,8931.0,8932.0,8929.0,8929.0,254,376674
2025-08-01 02:16:00,8929.0,8931.0,8927.0,8928.0,176,376679
2025-08-01 02:17:00,8928.0,8929.0,8927.0,8928.0,101,376660
2025-08-01 02:18:00,8928.0,8929.0,8927.0,8928.0,114,376652
2025-08-01 02:19:00,8928.0,8928.0,8925.0,8926.0,246,376619
2025-08-01 02:20:00,8927.0,8928.0,8926.0,8928.0,106,376577
2025-08-01 02:21:00,8928.0,8930.0,8928.0,8929.0,321,376593
2025-08-01 02:22:00,8930.0,8934.0,8929.0,8932.0,514,376327
2025-08-01 02:23:00,8932.0,8934.0,8932.0,8933.0,161,376305
2025-08-01 02:24:00,8933.0,8935.0,8933.0,8935.0,297,376208
2025-08-01 02:25:00,8935.0,8935.0,8933.0,8933.0,158,376167
2025-08-01 02:26:00,8933.0,8935.0,8933.0,8933.0,372,376066
2025-08-01 02:27:00,8934.0,8934.0,8933.0,8934.0,231,376003
2025-08-01 02:28:00,8934.0,8936.0,8933.0,8936.0,421,375847
2025-08-01 02:29:00,8936.0,8936.0,8934.0,8935.0,434,375684
2025-08-01 02:30:00,8935.0,8937.0,8932.0,8935.0,921,375379
2025-08-01 09:01:00,8924.0,8935.0,8921.0,8923.0,4153,375355
2025-08-01 09:02:00,8924.0,8928.0,8924.0,8928.0,2224,374674
2025-08-01 09:03:00,8927.0,8931.0,8927.0,8931.0,1354,374455
2025-08-01 09:04:00,8931.0,8933.0,8930.0,8930.0,1546,374420
2025-08-01 09:05:00,8930.0,8934.0,8930.0,8930.0,1621,374533
2025-08-01 09:06:00,8930.0,8933.0,8929.0,8930.0,991,374398
2025-08-01 09:07:00,8930.0,8933.0,8925.0,8925.0,1211,374334
2025-08-01 09:08:00,8925.0,8927.0,8925.0,8927.0,787,374317
2025-08-01 09:09:00,8928.0,8930.0,8927.0,8929.0,415,374194
2025-08-01 09:10:00,8928.0,8929.0,8927.0,8928.0,409,374202
2025-08-01 09:11:00,8928.0,8929.0,8926.0,8927.0,454,374307
2025-08-01 09:12:00,8927.0,8927.0,8924.0,8925.0,371,374411
2025-08-01 09:13:00,8925.0,8926.0,8921.0,8924.0,1130,374583
2025-08-01 09:14:00,8923.0,8923.0,8920.0,8922.0,823,374554
2025-08-01 09:15:00,8922.0,8926.0,8922.0,8923.0,691,374380
2025-08-01 09:16:00,8923.0,8924.0,8922.0,8922.0,575,374336
2025-08-01 09:17:00,8922.0,8924.0,8921.0,8923.0,511,374295
2025-08-01 09:18:00,8923.0,8923.0,8919.0,8922.0,828,374177
2025-08-01 09:19:00,8922.0,8923.0,8921.0,8922.0,325,374119
2025-08-01 09:20:00,8922.0,8922.0,8918.0,8919.0,915,374174
2025-08-01 09:21:00,8919.0,8921.0,8918.0,8919.0,439,374115
2025-08-01 09:22:00,8919.0,8920.0,8917.0,8918.0,631,374034
2025-08-01 09:23:00,8918.0,8920.0,8918.0,8920.0,484,374035
2025-08-01 09:24:00,8920.0,8921.0,8919.0,8920.0,274,373979
2025-08-01 09:25:00,8920.0,8920.0,8917.0,8918.0,767,374010
2025-08-01 09:26:00,8918.0,8919.0,8917.0,8918.0,384,373925
2025-08-01 09:27:00,8918.0,8918.0,8915.0,8916.0,765,373858
2025-08-01 09:28:00,8917.0,8917.0,8915.0,8915.0,647,373864
2025-08-01 09:29:00,8915.0,8917.0,8915.0,8916.0,588,373883
2025-08-01 09:30:00,8916.0,8920.0,8915.0,8920.0,460,373790
2025-08-01 09:31:00,8920.0,8923.0,8919.0,8922.0,683,373702
2025-08-01 09:32:00,8921.0,8922.0,8916.0,8917.0,540,373655
2025-08-01 09:33:00,8918.0,8919.0,8916.0,8916.0,854,373582
2025-08-01 09:34:00,8917.0,8917.0,8913.0,8913.0,898,373576
2025-08-01 09:35:00,8913.0,8916.0,8913.0,8915.0,501,373647
2025-08-01 09:36:00,8915.0,8916.0,8914.0,8915.0,266,373612
2025-08-01 09:37:00,8915.0,8915.0,8909.0,8909.0,1887,373854
2025-08-01 09:38:00,8909.0,8911.0,8908.0,8910.0,1324,374195
2025-08-01 09:39:00,8910.0,8910.0,8906.0,8906.0,1473,374624
2025-08-01 09:40:00,8906.0,8907.0,8905.0,8907.0,1338,374604
2025-08-01 09:41:00,8906.0,8909.0,8903.0,8906.0,1540,374545
2025-08-01 09:42:00,8906.0,8908.0,8906.0,8907.0,744,374558
2025-08-01 09:43:00,8906.0,8910.0,8906.0,8910.0,507,374557
2025-08-01 09:44:00,8910.0,8910.0,8905.0,8905.0,632,374608
2025-08-01 09:45:00,8905.0,8910.0,8903.0,8909.0,1182,374567
2025-08-01 09:46:00,8909.0,8910.0,8908.0,8908.0,480,374649
2025-08-01 09:47:00,8908.0,8910.0,8906.0,8908.0,675,374597
2025-08-01 09:48:00,8907.0,8908.0,8906.0,8907.0,286,374588
2025-08-01 09:49:00,8906.0,8908.0,8906.0,8908.0,291,374554
2025-08-01 09:50:00,8906.0,8909.0,8906.0,8907.0,560,374476
2025-08-01 09:51:00,8907.0,8909.0,8906.0,8907.0,338,374436
2025-08-01 09:52:00,8907.0,8909.0,8903.0,8903.0,1225,374541
2025-08-01 09:53:00,8904.0,8906.0,8894.0,8897.0,5415,373744
2025-08-01 09:54:00,8897.0,8898.0,8890.0,8891.0,4227,373821
2025-08-01 09:55:00,8890.0,8895.0,8885.0,8887.0,4542,374008
2025-08-01 09:56:00,8887.0,8895.0,8887.0,8893.0,1778,373979
2025-08-01 09:57:00,8892.0,8894.0,8889.0,8892.0,1003,374069
2025-08-01 09:58:00,8892.0,8892.0,8889.0,8891.0,844,374196
2025-08-01 09:59:00,8891.0,8895.0,8889.0,8895.0,1564,373869
2025-08-01 10:00:00,8895.0,8902.0,8895.0,8901.0,1967,373410
2025-08-01 10:01:00,8901.0,8907.0,8901.0,8907.0,1972,373343
2025-08-01 10:02:00,8907.0,8912.0,8907.0,8910.0,2658,372890
2025-08-01 10:03:00,8910.0,8911.0,8907.0,8911.0,1650,372611
2025-08-01 10:04:00,8912.0,8915.0,8912.0,8912.0,2307,372231
2025-08-01 10:05:00,8911.0,8915.0,8911.0,8912.0,819,372108
2025-08-01 10:06:00,8911.0,8917.0,8910.0,8916.0,1668,372030
2025-08-01 10:07:00,8917.0,8918.0,8913.0,8915.0,1263,371890
2025-08-01 10:08:00,8915.0,8916.0,8912.0,8913.0,436,371855
2025-08-01 10:09:00,8914.0,8914.0,8911.0,8913.0,496,371904
2025-08-01 10:10:00,8913.0,8914.0,8912.0,8914.0,473,371853
2025-08-01 10:11:00,8914.0,8914.0,8908.0,8909.0,1023,371905
2025-08-01 10:12:00,8909.0,8912.0,8908.0,8912.0,671,372134
2025-08-01 10:13:00,8912.0,8912.0,8908.0,8909.0,350,372078
2025-08-01 10:14:00,8909.0,8911.0,8909.0,8911.0,322,372093
2025-08-01 10:15:00,8910.0,8911.0,8909.0,8911.0,443,371986
2025-08-01 10:31:00,8908.0,8912.0,8906.0,8911.0,1172,371858
2025-08-01 10:32:00,8910.0,8911.0,8908.0,8909.0,881,371752
2025-08-01 10:33:00,8909.0,8910.0,8905.0,8906.0,1391,371314
2025-08-01 10:34:00,8906.0,8911.0,8906.0,8910.0,923,371063
2025-08-01 10:35:00,8910.0,8911.0,8909.0,8909.0,872,370750
2025-08-01 10:36:00,8909.0,8910.0,8906.0,8908.0,1239,370147
2025-08-01 10:37:00,8909.0,8909.0,8899.0,8900.0,1632,369463
2025-08-01 10:38:00,8900.0,8901.0,8895.0,8899.0,2024,369150
2025-08-01 10:39:00,8899.0,8909.0,8898.0,8909.0,1029,368968
2025-08-01 10:40:00,8908.0,8909.0,8906.0,8907.0,597,368907
2025-08-01 10:41:00,8906.0,8908.0,8902.0,8903.0,601,368882
2025-08-01 10:42:00,8903.0,8904.0,8901.0,8903.0,845,369103
2025-08-01 10:43:00,8903.0,8904.0,8901.0,8903.0,697,369136
2025-08-01 10:44:00,8903.0,8904.0,8902.0,8904.0,357,369150
2025-08-01 10:45:00,8904.0,8907.0,8904.0,8906.0,405,369163
2025-08-01 10:46:00,8906.0,8906.0,8904.0,8905.0,268,369079
2025-08-01 10:47:00,8905.0,8905.0,8903.0,8904.0,311,369050
2025-08-01 10:48:00,8904.0,8904.0,8901.0,8901.0,497,369037
2025-08-01 10:49:00,8902.0,8904.0,8901.0,8903.0,225,369032
2025-08-01 10:50:00,8903.0,8904.0,8901.0,8903.0,200,368979
2025-08-01 10:51:00,8903.0,8904.0,8902.0,8904.0,18,368969
2025-08-01 10:52:00,8904.0,8904.0,8902.0,8904.0,235,368945
2025-08-01 10:53:00,8904.0,8909.0,8904.0,8908.0,680,369031
2025-08-01 10:54:00,8907.0,8914.0,8906.0,8913.0,994,369175
2025-08-01 10:55:00,8913.0,8917.0,8910.0,8911.0,1626,369163
2025-08-01 10:56:00,8911.0,8912.0,8909.0,8912.0,254,369076
2025-08-01 10:57:00,8911.0,8912.0,8909.0,8910.0,406,369104
2025-08-01 10:58:00,8910.0,8910.0,8908.0,8909.0,439,369058
2025-08-01 10:59:00,8909.0,8913.0,8909.0,8912.0,444,368912
2025-08-01 11:00:00,8913.0,8914.0,8911.0,8913.0,592,368854
2025-08-01 11:01:00,8913.0,8916.0,8913.0,8916.0,805,368910
2025-08-01 11:02:00,8916.0,8917.0,8913.0,8913.0,695,368743
2025-08-01 11:03:00,8913.0,8918.0,8913.0,8916.0,557,368594
2025-08-01 11:04:00,8916.0,8916.0,8913.0,8913.0,383,368609
2025-08-01 11:05:00,8913.0,8916.0,8912.0,8915.0,260,368529
2025-08-01 11:06:00,8915.0,8917.0,8913.0,8916.0,507,368390
2025-08-01 11:07:00,8916.0,8918.0,8915.0,8917.0,361,368341
2025-08-01 11:08:00,8917.0,8920.0,8915.0,8915.0,1017,368355
2025-08-01 11:09:00,8915.0,8917.0,8915.0,8917.0,299,368336
2025-08-01 11:10:00,8917.0,8918.0,8916.0,8918.0,166,368320
2025-08-01 11:11:00,8917.0,8918.0,8916.0,8917.0,477,368229
2025-08-01 11:12:00,8917.0,8922.0,8916.0,8919.0,1056,368275
2025-08-01 11:13:00,8920.0,8920.0,8918.0,8919.0,569,368285
2025-08-01 11:14:00,8919.0,8919.0,8918.0,8919.0,351,368300
2025-08-01 11:15:00,8919.0,8920.0,8917.0,8918.0,386,368235
2025-08-01 11:16:00,8917.0,8919.0,8916.0,8917.0,718,368081
2025-08-01 11:17:00,8917.0,8918.0,8917.0,8918.0,299,368085
2025-08-01 11:18:00,8918.0,8919.0,8917.0,8918.0,621,368067
2025-08-01 11:19:00,8918.0,8920.0,8917.0,8919.0,233,367979
2025-08-01 11:20:00,8919.0,8921.0,8919.0,8920.0,531,368077
2025-08-01 11:21:00,8921.0,8923.0,8920.0,8921.0,575,367952
2025-08-01 11:22:00,8922.0,8924.0,8921.0,8923.0,555,367854
2025-08-01 11:23:00,8924.0,8924.0,8922.0,8922.0,523,367703
2025-08-01 11:24:00,8923.0,8923.0,8920.0,8920.0,394,367640
2025-08-01 11:25:00,8920.0,8921.0,8918.0,8918.0,235,367628
2025-08-01 11:26:00,8918.0,8918.0,8915.0,8916.0,618,367421
2025-08-01 11:27:00,8916.0,8916.0,8909.0,8911.0,1266,367241
2025-08-01 11:28:00,8911.0,8914.0,8911.0,8913.0,428,367197
2025-08-01 11:29:00,8913.0,8913.0,8910.0,8910.0,869,367320
2025-08-01 11:30:00,8910.0,8911.0,8907.0,8909.0,1075,367398
2025-08-01 13:31:00,8909.0,8914.0,8909.0,8911.0,2151,367404
2025-08-01 13:32:00,8911.0,8911.0,8906.0,8907.0,1118,367262
2025-08-01 13:33:00,8907.0,8914.0,8907.0,8913.0,862,367208
2025-08-01 13:34:00,8912.0,8913.0,8909.0,8910.0,507,367338
2025-08-01 13:35:00,8909.0,8910.0,8909.0,8910.0,334,367356
2025-08-01 13:36:00,8909.0,8911.0,8905.0,8907.0,835,367532
2025-08-01 13:37:00,8907.0,8909.0,8906.0,8909.0,657,367639
2025-08-01 13:38:00,8909.0,8909.0,8904.0,8905.0,848,367763
2025-08-01 13:39:00,8905.0,8909.0,8904.0,8909.0,401,367725
2025-08-01 13:40:00,8909.0,8912.0,8908.0,8912.0,352,367752
2025-08-01 13:41:00,8912.0,8915.0,8911.0,8911.0,737,367912
2025-08-01 13:42:00,8911.0,8912.0,8908.0,8912.0,429,367861
2025-08-01 13:43:00,8912.0,8912.0,8909.0,8909.0,510,367859
2025-08-01 13:44:00,8909.0,8912.0,8909.0,8912.0,395,367744
2025-08-01 13:45:00,8912.0,8914.0,8909.0,8914.0,542,367728
2025-08-01 13:46:00,8913.0,8915.0,8912.0,8913.0,563,367834
2025-08-01 13:47:00,8913.0,8914.0,8912.0,8914.0,428,367890
2025-08-01 13:48:00,8914.0,8915.0,8912.0,8914.0,608,367645
2025-08-01 13:49:00,8914.0,8914.0,8912.0,8913.0,268,367628
2025-08-01 13:50:00,8912.0,8918.0,8912.0,8917.0,657,367620
2025-08-01 13:51:00,8918.0,8921.0,8917.0,8920.0,979,367581
2025-08-01 13:52:00,8920.0,8928.0,8920.0,8925.0,2821,366952
2025-08-01 13:53:00,8925.0,8928.0,8925.0,8927.0,1201,367068
2025-08-01 13:54:00,8927.0,8928.0,8926.0,8926.0,1094,367054
2025-08-01 13:55:00,8926.0,8931.0,8925.0,8928.0,2198,366751
2025-08-01 13:56:00,8929.0,8930.0,8928.0,8929.0,867,366775
2025-08-01 13:57:00,8928.0,8929.0,8924.0,8925.0,1040,366720
2025-08-01 13:58:00,8926.0,8934.0,8925.0,8930.0,1774,366942
2025-08-01 13:59:00,8930.0,8935.0,8928.0,8934.0,1214,367043
2025-08-01 14:00:00,8934.0,8939.0,8932.0,8937.0,3093,366727
2025-08-01 14:01:00,8937.0,8938.0,8934.0,8935.0,1929,367284
2025-08-01 14:02:00,8935.0,8936.0,8931.0,8936.0,1333,367455
2025-08-01 14:03:00,8936.0,8939.0,8935.0,8938.0,1147,367243
2025-08-01 14:04:00,8937.0,8939.0,8935.0,8936.0,956,367258
2025-08-01 14:05:00,8935.0,8938.0,8931.0,8936.0,1312,367369
2025-08-01 14:06:00,8936.0,8946.0,8936.0,8944.0,3770,367298
2025-08-01 14:07:00,8944.0,8944.0,8937.0,8937.0,992,367092
2025-08-01 14:08:00,8937.0,8939.0,8935.0,8939.0,989,366689
2025-08-01 14:09:00,8938.0,8940.0,8937.0,8939.0,657,366892
2025-08-01 14:10:00,8940.0,8943.0,8937.0,8937.0,705,366921
2025-08-01 14:11:00,8937.0,8941.0,8935.0,8941.0,1006,366984
2025-08-01 14:12:00,8940.0,8943.0,8937.0,8937.0,185,367158
2025-08-01 14:13:00,8937.0,8939.0,8935.0,8935.0,816,367183
2025-08-01 14:14:00,8935.0,8940.0,8935.0,8939.0,1487,367660
2025-08-01 14:15:00,8938.0,8942.0,8935.0,8936.0,1844,367696
2025-08-01 14:16:00,8936.0,8937.0,8934.0,8934.0,643,367579
2025-08-01 14:17:00,8934.0,8936.0,8931.0,8933.0,17,367415
2025-08-01 14:18:00,8933.0,8933.0,8929.0,8930.0,1,367217
2025-08-01 14:19:00,8930.0,8931.0,8927.0,8928.0,4,367119
2025-08-01 14:20:00,8928.0,8929.0,8926.0,8927.0,685,366969
2025-08-01 14:21:00,8926.0,8928.0,8925.0,8928.0,18,366779
2025-08-01 14:22:00,8927.0,8929.0,8926.0,8929.0,554,366793
2025-08-01 14:23:00,8929.0,8929.0,8924.0,8926.0,941,366625
2025-08-01 14:24:00,8926.0,8927.0,8925.0,8925.0,288,366494
2025-08-01 14:25:00,8925.0,8926.0,8923.0,8923.0,600,366377
2025-08-01 14:26:00,8923.0,8926.0,8922.0,8924.0,660,366416
2025-08-01 14:27:00,8924.0,8925.0,8921.0,8921.0,949,366429
2025-08-01 14:28:00,8921.0,8923.0,8920.0,8921.0,728,366445
2025-08-01 14:29:00,8921.0,8921.0,8918.0,8920.0,709,366473
2025-08-01 14:30:00,8920.0,8922.0,8920.0,8921.0,60,366497
2025-08-01 14:31:00,8921.0,8922.0,8920.0,8921.0,33,366481
2025-08-01 14:32:00,8921.0,8921.0,8918.0,8919.0,244,366575
2025-08-01 14:33:00,8920.0,8920.0,8919.0,8919.0,7,366541
2025-08-01 14:34:00,8919.0,8920.0,8918.0,8920.0,530,366550
2025-08-01 14:35:00,8919.0,8921.0,8919.0,8920.0,393,366528
2025-08-01 14:36:00,8921.0,8921.0,8916.0,8918.0,718,366425
2025-08-01 14:37:00,8918.0,8923.0,8918.0,8922.0,664,366447
2025-08-01 14:38:00,8922.0,8923.0,8920.0,8923.0,758,366314
2025-08-01 14:39:00,8923.0,8923.0,8921.0,8922.0,236,366308
2025-08-01 14:40:00,8922.0,8928.0,8922.0,8926.0,755,366276
2025-08-01 14:41:00,8926.0,8931.0,8926.0,8931.0,975,366210
2025-08-01 14:42:00,8930.0,8932.0,8927.0,8927.0,709,366159
2025-08-01 14:43:00,8926.0,8929.0,8925.0,8929.0,75,366074
2025-08-01 14:44:00,8929.0,8931.0,8927.0,8928.0,555,365998
2025-08-01 14:45:00,8928.0,8928.0,8924.0,8924.0,540,365934
2025-08-01 14:46:00,8924.0,8926.0,8924.0,8926.0,297,365951
2025-08-01 14:47:00,8926.0,8929.0,8925.0,8927.0,431,365881
2025-08-01 14:48:00,8927.0,8928.0,8926.0,8926.0,172,365860
2025-08-01 14:49:00,8926.0,8926.0,8924.0,8925.0,365,365874
2025-08-01 14:50:00,8925.0,8925.0,8919.0,8920.0,232,365957
2025-08-01 14:51:00,8919.0,8921.0,8917.0,8921.0,717,366006
2025-08-01 14:52:00,8922.0,8922.0,8919.0,8920.0,437,365945
2025-08-01 14:53:00,8920.0,8920.0,8918.0,8919.0,285,365936
2025-08-01 14:54:00,8919.0,8920.0,8918.0,8920.0,427,365847
2025-08-01 14:55:00,8920.0,8921.0,8919.0,8920.0,432,365828
2025-08-01 14:56:00,8920.0,8924.0,8919.0,8923.0,826,365799
2025-08-01 14:57:00,8923.0,8924.0,8922.0,8923.0,1124,365701
2025-08-01 14:58:00,8923.0,8923.0,8919.0,8919.0,54,365766
2025-08-01 14:59:00,8918.0,8920.0,8918.0,8919.0,1069,365548
2025-08-01 15:00:00,8918.0,8918.0,8918.0,8918.0,0,365193
2025-08-01 21:01:00,8994.0,9024.0,8994.0,9012.0,21510,365457
2025-08-01 21:02:00,9012.0,9017.0,9004.0,9012.0,8150,366568
2025-08-01 21:03:00,9012.0,9020.0,9011.0,9016.0,5762,367165
2025-08-01 21:04:00,9017.0,9031.0,9015.0,9026.0,7220,367852
2025-08-01 21:05:00,9025.0,9026.0,9016.0,9020.0,4173,368290
2025-08-01 21:06:00,9020.0,9024.0,9019.0,9021.0,3298,368636
2025-08-01 21:07:00,9020.0,9021.0,9013.0,9013.0,3956,368526
2025-08-01 21:08:00,9013.0,9013.0,8995.0,8995.0,6642,368818
2025-08-01 21:09:00,8995.0,8996.0,8992.0,8993.0,4605,368831
2025-08-01 21:10:00,8992.0,9005.0,8991.0,9004.0,4367,369219
2025-08-01 21:11:00,9004.0,9010.0,9004.0,9005.0,2522,369358
2025-08-01 21:12:00,9005.0,9005.0,8999.0,8999.0,2144,369824
2025-08-01 21:13:00,9000.0,9000.0,8994.0,8998.0,2681,369957
2025-08-01 21:14:00,8999.0,9003.0,8996.0,8998.0,1718,370005
2025-08-01 21:15:00,8997.0,9007.0,8997.0,9007.0,1814,370237
2025-08-01 21:16:00,9007.0,9008.0,9000.0,9007.0,2672,370537
2025-08-01 21:17:00,9008.0,9019.0,9005.0,9013.0,3357,370427
2025-08-01 21:18:00,9013.0,9015.0,9004.0,9008.0,3557,370636
2025-08-01 21:19:00,9006.0,9013.0,9002.0,9011.0,2584,370699
2025-08-01 21:20:00,9011.0,9020.0,9011.0,9020.0,3433,370582
2025-08-01 21:21:00,9020.0,9022.0,9011.0,9012.0,2716,370634
2025-08-01 21:22:00,9012.0,9022.0,9012.0,9022.0,2438,370544
2025-08-01 21:23:00,9021.0,9029.0,9021.0,9027.0,4615,370654
2025-08-01 21:24:00,9028.0,9030.0,9018.0,9019.0,3821,370754
2025-08-01 21:25:00,9019.0,9022.0,9017.0,9021.0,2724,371071
2025-08-01 21:26:00,9020.0,9020.0,9011.0,9015.0,2880,371130
2025-08-01 21:27:00,9015.0,9024.0,9013.0,9024.0,1718,371394
2025-08-01 21:28:00,9023.0,9026.0,9022.0,9023.0,2147,371519
2025-08-01 21:29:00,9025.0,9029.0,9023.0,9027.0,1589,371878
2025-08-01 21:30:00,9028.0,9030.0,9026.0,9029.0,2136,372066
2025-08-01 21:31:00,9028.0,9030.0,9024.0,9024.0,2442,372229
2025-08-01 21:32:00,9025.0,9027.0,9016.0,9017.0,3104,372459
2025-08-01 21:33:00,9018.0,9018.0,9005.0,9006.0,3628,372628
2025-08-01 21:34:00,9006.0,9010.0,9003.0,9008.0,3995,373179
2025-08-01 21:35:00,9009.0,9014.0,9007.0,9012.0,1928,373360
2025-08-01 21:36:00,9012.0,9012.0,9001.0,9001.0,3573,373825
2025-08-01 21:37:00,9001.0,9005.0,9000.0,9000.0,2569,374189
2025-08-01 21:38:00,9000.0,9004.0,8996.0,9002.0,3035,374548
2025-08-01 21:39:00,9002.0,9007.0,9000.0,9001.0,1882,374592
2025-08-01 21:40:00,9000.0,9002.0,8996.0,9000.0,1849,374637
2025-08-01 21:41:00,9000.0,9005.0,8999.0,9002.0,1699,374747
2025-08-01 21:42:00,9003.0,9003.0,8998.0,9000.0,1580,374891
2025-08-01 21:43:00,9001.0,9003.0,8997.0,9000.0,986,374878
2025-08-01 21:44:00,9000.0,9002.0,8999.0,9002.0,833,375020
2025-08-01 21:45:00,9001.0,9008.0,9000.0,9008.0,1511,375298
2025-08-01 21:46:00,9008.0,9014.0,9007.0,9009.0,1865,375279
2025-08-01 21:47:00,9009.0,9009.0,8997.0,8997.0,1864,375267
2025-08-01 21:48:00,8997.0,8998.0,8989.0,8990.0,3284,375190
2025-08-01 21:49:00,8989.0,8997.0,8989.0,8992.0,1958,375360
2025-08-01 21:50:00,8992.0,8993.0,8984.0,8988.0,2907,375638
2025-08-01 21:51:00,8988.0,8994.0,8986.0,8986.0,1704,375795
2025-08-01 21:52:00,8988.0,8988.0,8978.0,8984.0,3823,375675
2025-08-01 21:53:00,8984.0,8988.0,8979.0,8988.0,2094,375952
2025-08-01 21:54:00,8988.0,8993.0,8988.0,8993.0,1893,376075
2025-08-01 21:55:00,8991.0,8996.0,8989.0,8996.0,1088,376145
2025-08-01 21:56:00,8996.0,8998.0,8994.0,8995.0,1412,376084
2025-08-01 21:57:00,8994.0,8996.0,8987.0,8989.0,1486,376278
2025-08-01 21:58:00,8989.0,8990.0,8983.0,8984.0,858,376276
2025-08-01 21:59:00,8985.0,8990.0,8985.0,8990.0,496,376269
2025-08-01 22:00:00,8990.0,8993.0,8988.0,8992.0,900,376345
2025-08-01 22:01:00,8992.0,9001.0,8992.0,8997.0,3181,376543
2025-08-01 22:02:00,8998.0,8998.0,8990.0,8994.0,1456,376667
2025-08-01 22:03:00,8993.0,8993.0,8986.0,8986.0,1519,376773
2025-08-01 22:04:00,8987.0,8992.0,8985.0,8992.0,1058,376886
2025-08-01 22:05:00,8992.0,8994.0,8987.0,8988.0,790,376919
2025-08-01 22:06:00,8987.0,8996.0,8987.0,8995.0,1000,376886
2025-08-01 22:07:00,8996.0,8996.0,8990.0,8994.0,838,376870
2025-08-01 22:08:00,8994.0,8998.0,8992.0,8997.0,1075,376718
2025-08-01 22:09:00,8996.0,8999.0,8991.0,8998.0,1247,376602
2025-08-01 22:10:00,8998.0,8999.0,8995.0,8997.0,895,376612
2025-08-01 22:11:00,8997.0,9001.0,8997.0,9001.0,1231,376648
2025-08-01 22:12:00,9002.0,9002.0,8997.0,8997.0,966,376532
2025-08-01 22:13:00,8997.0,9004.0,8997.0,9004.0,1126,376450
2025-08-01 22:14:00,9004.0,9007.0,9000.0,9001.0,1887,376219
2025-08-01 22:15:00,9002.0,9002.0,8996.0,8999.0,884,376220
2025-08-01 22:16:00,9000.0,9005.0,8999.0,9002.0,697,376187
2025-08-01 22:17:00,9003.0,9007.0,9000.0,9005.0,1033,376092
2025-08-01 22:18:00,9006.0,9011.0,9006.0,9010.0,2392,375553
2025-08-01 22:19:00,9009.0,9015.0,9007.0,9012.0,1925,375279
2025-08-01 22:20:00,9012.0,9014.0,9011.0,9012.0,1015,375112
2025-08-01 22:21:00,9012.0,9012.0,9009.0,9011.0,981,375023
2025-08-01 22:22:00,9012.0,9012.0,9007.0,9009.0,1295,375297
2025-08-01 22:23:00,9009.0,9012.0,9009.0,9010.0,689,375342
2025-08-01 22:24:00,9010.0,9013.0,9007.0,9013.0,531,375307
2025-08-01 22:25:00,9013.0,9015.0,9007.0,9008.0,1384,375415
2025-08-01 22:26:00,9007.0,9011.0,8999.0,8999.0,2023,375427
2025-08-01 22:27:00,8998.0,8999.0,8994.0,8995.0,2127,375125
2025-08-01 22:28:00,8995.0,8998.0,8991.0,8998.0,1705,375306
2025-08-01 22:29:00,8998.0,9001.0,8995.0,9001.0,1049,375487
2025-08-01 22:30:00,9001.0,9001.0,8996.0,8998.0,693,375584
2025-08-01 22:31:00,8998.0,8998.0,8992.0,8992.0,1100,375573
2025-08-01 22:32:00,8993.0,8993.0,8990.0,8990.0,1454,375832
2025-08-01 22:33:00,8991.0,8995.0,8990.0,8995.0,778,376003
2025-08-01 22:34:00,8995.0,8998.0,8994.0,8997.0,666,376032
2025-08-01 22:35:00,8998.0,8999.0,8992.0,8994.0,571,376171
2025-08-01 22:36:00,8994.0,8994.0,8990.0,8991.0,1160,376435
2025-08-01 22:37:00,8992.0,8995.0,8989.0,8990.0,985,376658
2025-08-01 22:38:00,8990.0,8995.0,8990.0,8993.0,581,376638
2025-08-01 22:39:00,8993.0,8994.0,8990.0,8992.0,341,376660
2025-08-01 22:40:00,8991.0,8994.0,8988.0,8989.0,788,376783
2025-08-01 22:41:00,8988.0,8988.0,8984.0,8988.0,1929,376608
2025-08-01 22:42:00,8989.0,8990.0,8984.0,8986.0,927,376723
2025-08-01 22:43:00,8986.0,8989.0,8985.0,8988.0,797,376671
2025-08-01 22:44:00,8988.0,8988.0,8985.0,8987.0,703,376845
2025-08-01 22:45:00,8987.0,8988.0,8986.0,8988.0,906,377043
2025-08-01 22:46:00,8989.0,8995.0,8988.0,8994.0,1169,377122
2025-08-01 22:47:00,8994.0,8998.0,8994.0,8998.0,1267,377062
2025-08-01 22:48:00,8998.0,8998.0,8993.0,8995.0,670,377039
2025-08-01 22:49:00,8994.0,8996.0,8993.0,8995.0,398,377096
2025-08-01 22:50:00,8994.0,8996.0,8992.0,8994.0,507,377098
2025-08-01 22:51:00,8994.0,8995.0,8991.0,8992.0,438,377095
2025-08-01 22:52:00,8993.0,8993.0,8988.0,8988.0,547,377104
2025-08-01 22:53:00,8988.0,8991.0,8986.0,8990.0,729,377170
2025-08-01 22:54:00,8991.0,8994.0,8990.0,8993.0,447,377225
2025-08-01 22:55:00,8993.0,8996.0,8992.0,8994.0,699,377357
2025-08-01 22:56:00,8994.0,8995.0,8992.0,8994.0,421,377371
2025-08-01 22:57:00,8994.0,8995.0,8990.0,8991.0,577,377490
2025-08-01 22:58:00,8991.0,8992.0,8989.0,8992.0,668,377446
2025-08-01 22:59:00,8992.0,8994.0,8992.0,8994.0,403,377547
2025-08-01 23:00:00,8995.0,8995.0,8993.0,8994.0,443,377691
2025-08-01 23:01:00,8994.0,8997.0,8989.0,8989.0,1271,377981
2025-08-01 23:02:00,8991.0,8991.0,8981.0,8984.0,2790,378420
2025-08-01 23:03:00,8984.0,8985.0,8981.0,8985.0,1725,378901
2025-08-01 23:04:00,8985.0,8988.0,8984.0,8985.0,1087,379076
2025-08-01 23:05:00,8985.0,8986.0,8983.0,8984.0,567,379311
2025-08-01 23:06:00,8984.0,8985.0,8981.0,8984.0,1202,379757
2025-08-01 23:07:00,8985.0,8986.0,8984.0,8985.0,484,379758
2025-08-01 23:08:00,8985.0,8991.0,8984.0,8990.0,1311,379623
2025-08-01 23:09:00,8990.0,8991.0,8987.0,8988.0,621,379748
2025-08-01 23:10:00,8988.0,8992.0,8988.0,8992.0,645,379772
2025-08-01 23:11:00,8992.0,8996.0,8991.0,8995.0,2131,379565
2025-08-01 23:12:00,8996.0,8997.0,8992.0,8992.0,1002,379698
2025-08-01 23:13:00,8993.0,8996.0,8992.0,8995.0,1009,379950
2025-08-01 23:14:00,8995.0,8997.0,8994.0,8995.0,630,380017
2025-08-01 23:15:00,8996.0,8996.0,8994.0,8995.0,288,380029
2025-08-01 23:16:00,8995.0,8997.0,8994.0,8997.0,657,379984
2025-08-01 23:17:00,8996.0,8997.0,8991.0,8992.0,560,379956
2025-08-01 23:18:00,8991.0,8993.0,8991.0,8993.0,321,379886
2025-08-01 23:19:00,8993.0,8993.0,8990.0,8991.0,499,379932
2025-08-01 23:20:00,8992.0,8992.0,8990.0,8991.0,299,379963
2025-08-01 23:21:00,8991.0,8994.0,8991.0,8993.0,633,380283
2025-08-01 23:22:00,8994.0,8996.0,8993.0,8993.0,494,380299
2025-08-01 23:23:00,8993.0,8995.0,8992.0,8993.0,336,380305
2025-08-01 23:24:00,8993.0,8995.0,8992.0,8993.0,248,380352
2025-08-01 23:25:00,8993.0,8993.0,8991.0,8993.0,193,380368
2025-08-01 23:26:00,8993.0,8996.0,8992.0,8994.0,526,380235
2025-08-01 23:27:00,8994.0,8997.0,8994.0,8995.0,751,379980
2025-08-01 23:28:00,8996.0,8997.0,8992.0,8992.0,756,379895
2025-08-01 23:29:00,8992.0,8996.0,8992.0,8994.0,407,379838
2025-08-01 23:30:00,8994.0,8997.0,8994.0,8996.0,455,379753
2025-08-01 23:31:00,8996.0,8996.0,8994.0,8995.0,199,379748
2025-08-01 23:32:00,8994.0,9000.0,8994.0,9000.0,1198,379757
2025-08-01 23:33:00,9000.0,9003.0,8999.0,9001.0,1081,379574
2025-08-01 23:34:00,9001.0,9002.0,9000.0,9001.0,550,379653
2025-08-01 23:35:00,9001.0,9002.0,9000.0,9002.0,424,379724
2025-08-01 23:36:00,9002.0,9002.0,8998.0,8998.0,656,379630
2025-08-01 23:37:00,8998.0,8999.0,8995.0,8996.0,723,379689
2025-08-01 23:38:00,8995.0,8997.0,8994.0,8997.0,620,379763
2025-08-01 23:39:00,8997.0,8997.0,8995.0,8995.0,174,379768
2025-08-01 23:40:00,8995.0,8996.0,8994.0,8995.0,175,379726
2025-08-01 23:41:00,8995.0,8995.0,8993.0,8994.0,431,379566
2025-08-01 23:42:00,8994.0,8996.0,8994.0,8996.0,304,379592
2025-08-01 23:43:00,8996.0,8996.0,8994.0,8995.0,139,379600
2025-08-01 23:44:00,8996.0,8997.0,8995.0,8997.0,244,379646
2025-08-01 23:45:00,8997.0,8999.0,8997.0,8999.0,368,379629
2025-08-01 23:46:00,8998.0,9000.0,8998.0,8998.0,247,379598
2025-08-01 23:47:00,8999.0,8999.0,8997.0,8999.0,282,379559
2025-08-01 23:48:00,8999.0,8999.0,8998.0,8998.0,134,379588
2025-08-01 23:49:00,8998.0,8999.0,8995.0,8996.0,239,379538
2025-08-01 23:50:00,8996.0,8997.0,8995.0,8996.0,152,379514
2025-08-01 23:51:00,8996.0,8997.0,8995.0,8995.0,273,379336
2025-08-01 23:52:00,8995.0,8997.0,8995.0,8997.0,122,379328
2025-08-01 23:53:00,8997.0,8999.0,8996.0,8998.0,270,379377
2025-08-01 23:54:00,8998.0,9001.0,8998.0,9000.0,403,379323
2025-08-01 23:55:00,9001.0,9001.0,8999.0,9000.0,338,379303
2025-08-01 23:56:00,8999.0,9001.0,8999.0,9000.0,370,379184
2025-08-01 23:57:00,9000.0,9001.0,8997.0,8999.0,304,379165
2025-08-01 23:58:00,8998.0,9000.0,8996.0,8999.0,345,379170
2025-08-01 23:59:00,8999.0,9000.0,8998.0,8999.0,89,379163
2025-08-02 00:01:00,8997.0,9000.0,8997.0,8999.0,52,379224
2025-08-02 00:02:00,9000.0,9000.0,8998.0,8998.0,42,379175
2025-08-02 00:03:00,8999.0,9001.0,8998.0,9000.0,7,379165
2025-08-02 00:04:00,9000.0,9001.0,8998.0,8999.0,1,379125
2025-08-02 00:05:00,8999.0,8999.0,8995.0,8996.0,3,379074
2025-08-02 00:06:00,8995.0,8996.0,8993.0,8996.0,3,379085
2025-08-02 00:07:00,8996.0,8996.0,8994.0,8994.0,3,379065
2025-08-02 00:08:00,8995.0,8995.0,8994.0,8994.0,9,379077
2025-08-02 00:09:00,8994.0,8997.0,8994.0,8997.0,5,379080
2025-08-02 00:10:00,8997.0,8997.0,8995.0,8996.0,4,379062
2025-08-02 00:11:00,8996.0,8997.0,8995.0,8996.0,4,379053
2025-08-02 00:12:00,8996.0,8997.0,8994.0,8994.0,2,379031
2025-08-02 00:13:00,8994.0,8996.0,8994.0,8995.0,1,379036
2025-08-02 00:14:00,8995.0,8995.0,8994.0,8994.0,1,379051
2025-08-02 00:15:00,8994.0,8995.0,8993.0,8995.0,6,379035
2025-08-02 00:16:00,8995.0,8995.0,8992.0,8995.0,1,378932
2025-08-02 00:17:00,8995.0,8996.0,8995.0,8996.0,4,378908
2025-08-02 00:18:00,8995.0,8996.0,8993.0,8994.0,2,378918
2025-08-02 00:19:00,8994.0,8996.0,8994.0,8995.0,22,378892
2025-08-02 00:20:00,8995.0,8996.0,8993.0,8993.0,76,378875
2025-08-02 00:21:00,8993.0,8994.0,8989.0,8990.0,15,378651
2025-08-02 00:22:00,8990.0,8991.0,8987.0,8987.0,15,378662
2025-08-02 00:23:00,8987.0,8991.0,8987.0,8990.0,3,378630
2025-08-02 00:24:00,8990.0,8991.0,8988.0,8990.0,8,378631
2025-08-02 00:25:00,8990.0,8991.0,8989.0,8989.0,4,378638
2025-08-02 00:26:00,8989.0,8990.0,8987.0,8988.0,39,378700
2025-08-02 00:27:00,8987.0,8988.0,8976.0,8979.0,263,378545
2025-08-02 00:28:00,8978.0,8983.0,8977.0,8982.0,163,378599
2025-08-02 00:29:00,8981.0,8982.0,8978.0,8981.0,68,378730
2025-08-02 00:30:00,8981.0,8981.0,8979.0,8981.0,10,378829
2025-08-02 00:31:00,8981.0,8981.0,8975.0,8977.0,5,378840
2025-08-02 00:32:00,8976.0,8977.0,8972.0,8973.0,8,379037
2025-08-02 00:33:00,8974.0,8980.0,8974.0,8979.0,4,379054
2025-08-02 00:34:00,8979.0,8982.0,8978.0,8982.0,26,379076
2025-08-02 00:35:00,8982.0,8985.0,8980.0,8983.0,83,379156
2025-08-02 00:36:00,8983.0,8984.0,8982.0,8984.0,140,378972
2025-08-02 00:37:00,8984.0,8984.0,8982.0,8983.0,17,378990
2025-08-02 00:38:00,8983.0,8983.0,8980.0,8980.0,13,379132
2025-08-02 00:39:00,8980.0,8981.0,8978.0,8979.0,1,379132
2025-08-02 00:40:00,8979.0,8982.0,8978.0,8982.0,18,379143
2025-08-02 00:41:00,8982.0,8983.0,8981.0,8983.0,45,379115
2025-08-02 00:42:00,8983.0,8985.0,8982.0,8984.0,128,379031
2025-08-02 00:43:00,8985.0,8985.0,8983.0,8984.0,9,379045
2025-08-02 00:44:00,8984.0,8984.0,8981.0,8982.0,18,379089
2025-08-02 00:45:00,8982.0,8983.0,8980.0,8982.0,10,379128
2025-08-02 00:46:00,8982.0,8983.0,8980.0,8982.0,1,379177
2025-08-02 00:47:00,8982.0,8983.0,8981.0,8982.0,12,379173
2025-08-02 00:48:00,8982.0,8982.0,8981.0,8981.0,10,379205
2025-08-02 00:49:00,8982.0,8983.0,8981.0,8982.0,4,379137
2025-08-02 00:50:00,8983.0,8987.0,8983.0,8987.0,4,379098
2025-08-02 00:51:00,8987.0,8988.0,8984.0,8984.0,2,379078
2025-08-02 00:52:00,8984.0,8985.0,8982.0,8984.0,6,379117
2025-08-02 00:53:00,8984.0,8987.0,8983.0,8987.0,1,379119
2025-08-02 00:54:00,8988.0,8990.0,8987.0,8989.0,41,379032
2025-08-02 00:55:00,8989.0,8989.0,8987.0,8987.0,3,379030
2025-08-02 00:56:00,8988.0,8989.0,8987.0,8988.0,3,378992
2025-08-02 00:57:00,8987.0,8991.0,8987.0,8989.0,18,378809
2025-08-02 00:58:00,8989.0,8991.0,8988.0,8991.0,10,378763
2025-08-02 00:59:00,8991.0,8992.0,8990.0,8991.0,25,378639
2025-08-02 01:00:00,8991.0,8991.0,8989.0,8990.0,1,378726
2025-08-02 01:01:00,8991.0,8993.0,8990.0,8992.0,3,378769
2025-08-02 01:02:00,8992.0,8997.0,8992.0,8996.0,122,378593
2025-08-02 01:03:00,8996.0,8996.0,8994.0,8995.0,56,378570
2025-08-02 01:04:00,8995.0,8995.0,8990.0,8990.0,71,378623
2025-08-02 01:05:00,8990.0,8992.0,8989.0,8991.0,5,378663
2025-08-02 01:06:00,8991.0,8992.0,8990.0,8990.0,1,378615
2025-08-02 01:07:00,8990.0,8991.0,8988.0,8989.0,8,378625
2025-08-02 01:08:00,8989.0,8989.0,8988.0,8989.0,3,378641
2025-08-02 01:09:00,8989.0,8989.0,8987.0,8988.0,12,378598
2025-08-02 01:10:00,8988.0,8990.0,8987.0,8990.0,8,378546
2025-08-02 01:11:00,8990.0,8994.0,8989.0,8993.0,17,378376
2025-08-02 01:12:00,8993.0,8993.0,8991.0,8992.0,9,378366
2025-08-02 01:13:00,8992.0,8992.0,8990.0,8991.0,7,378327
2025-08-02 01:14:00,8990.0,8990.0,8988.0,8990.0,206,378311
2025-08-02 01:15:00,8990.0,8991.0,8989.0,8990.0,124,378277
2025-08-02 01:16:00,8990.0,8992.0,8989.0,8991.0,167,378253
2025-08-02 01:17:00,8991.0,8992.0,8987.0,8989.0,295,378207
2025-08-02 01:18:00,8989.0,8990.0,8988.0,8989.0,108,378187
2025-08-02 01:19:00,8989.0,8991.0,8988.0,8989.0,154,378116
2025-08-02 01:20:00,8989.0,8991.0,8989.0,8990.0,41,378121
2025-08-02 01:21:00,8990.0,8990.0,8989.0,8989.0,172,378058
2025-08-02 01:22:00,8989.0,8991.0,8988.0,8990.0,330,378011
2025-08-02 01:23:00,8990.0,8993.0,8990.0,8991.0,167,377928
2025-08-02 01:24:00,8991.0,8994.0,8991.0,8994.0,178,377846
2025-08-02 01:25:00,8994.0,8995.0,8993.0,8995.0,360,377868
2025-08-02 01:26:00,8995.0,8995.0,8991.0,8991.0,241,377905
2025-08-02 01:27:00,8991.0,8994.0,8991.0,8994.0,170,377898
2025-08-02 01:28:00,8994.0,8994.0,8990.0,8991.0,186,377836
2025-08-02 01:29:00,8991.0,8992.0,8989.0,8991.0,212,377836
2025-08-02 01:30:00,8991.0,8991.0,8988.0,8990.0,274,377734
2025-08-02 01:31:00,8990.0,8992.0,8989.0,8991.0,131,377721
2025-08-02 01:32:00,8991.0,8991.0,8989.0,8990.0,210,377599
2025-08-02 01:33:00,8989.0,8991.0,8989.0,8989.0,83,377560
2025-08-02 01:34:00,8989.0,8990.0,8989.0,8990.0,118,377546
2025-08-02 01:35:00,8990.0,8991.0,8989.0,8989.0,23,377547
2025-08-02 01:36:00,8990.0,8991.0,8989.0,8991.0,112,377534
2025-08-02 01:37:00,8991.0,8992.0,8990.0,8990.0,94,377506
2025-08-02 01:38:00,8990.0,8992.0,8989.0,8990.0,182,377429
2025-08-02 01:39:00,8990.0,8991.0,8990.0,8991.0,66,377406
2025-08-02 01:40:00,8991.0,8992.0,8990.0,8992.0,52,377408
2025-08-02 01:41:00,8992.0,8993.0,8990.0,8993.0,160,377416
2025-08-02 01:42:00,8993.0,8993.0,8991.0,8992.0,112,377399
2025-08-02 01:43:00,8992.0,8993.0,8991.0,8992.0,186,377365
2025-08-02 01:44:00,8992.0,8993.0,8992.0,8992.0,104,377340
2025-08-02 01:45:00,8992.0,8992.0,8991.0,8992.0,28,377318
2025-08-02 01:46:00,8992.0,8992.0,8990.0,8991.0,68,377299
2025-08-02 01:47:00,8990.0,8991.0,8990.0,8991.0,76,377295
2025-08-02 01:48:00,8991.0,8992.0,8991.0,8992.0,36,377273
2025-08-02 01:49:00,8992.0,8992.0,8991.0,8992.0,128,377184
2025-08-02 01:50:00,8992.0,8993.0,8991.0,8993.0,67,377164
2025-08-02 01:51:00,8993.0,8995.0,8992.0,8993.0,230,377089
2025-08-02 01:52:00,8993.0,8994.0,8993.0,8993.0,101,377079
2025-08-02 01:53:00,8993.0,8995.0,8993.0,8995.0,98,377065
2025-08-02 01:54:00,8994.0,8995.0,8993.0,8993.0,80,377042
2025-08-02 01:55:00,8993.0,8994.0,8993.0,8994.0,28,377044
2025-08-02 01:56:00,8994.0,8995.0,8993.0,8994.0,133,377019
2025-08-02 01:57:00,8993.0,8994.0,8991.0,8991.0,162,376956
2025-08-02 01:58:00,8991.0,8992.0,8991.0,8992.0,54,376923
2025-08-02 01:59:00,8992.0,8992.0,8991.0,8991.0,108,376887
2025-08-02 02:00:00,8991.0,8993.0,8990.0,8992.0,94,376869
2025-08-02 02:01:00,8992.0,8994.0,8992.0,8994.0,229,376827
2025-08-02 02:02:00,8994.0,8995.0,8994.0,8995.0,117,376836
2025-08-02 02:03:00,8995.0,8995.0,8991.0,8991.0,306,376821
2025-08-02 02:04:00,8992.0,8992.0,8991.0,8991.0,173,376828
2025-08-02 02:05:00,8991.0,8992.0,8990.0,8990.0,120,376792
2025-08-02 02:06:00,8990.0,8991.0,8990.0,8990.0,138,376738
2025-08-02 02:07:00,8990.0,8992.0,8990.0,8992.0,111,376656
2025-08-02 02:08:00,8992.0,8992.0,8991.0,8992.0,97,376633
2025-08-02 02:09:00,8992.0,8993.0,8992.0,8992.0,92,376606
2025-08-02 02:10:00,8993.0,8994.0,8993.0,8994.0,177,376527
2025-08-02 02:11:00,8994.0,8996.0,8994.0,8996.0,220,376423
2025-08-02 02:12:00,8996.0,8996.0,8994.0,8995.0,221,376419
2025-08-02 02:13:00,8995.0,8995.0,8994.0,8994.0,51,376398
2025-08-02 02:14:00,8994.0,8995.0,8993.0,8994.0,248,376258
2025-08-02 02:15:00,8994.0,8995.0,8993.0,8994.0,133,376237
2025-08-02 02:16:00,8994.0,8994.0,8992.0,8992.0,119,376241
2025-08-02 02:17:00,8992.0,8992.0,8989.0,8990.0,475,376150
2025-08-02 02:18:00,8990.0,8991.0,8990.0,8991.0,94,376119
2025-08-02 02:19:00,8991.0,8992.0,8990.0,8992.0,95,376117
2025-08-02 02:20:00,8992.0,8992.0,8990.0,8991.0,136,376028
2025-08-02 02:21:00,8991.0,8992.0,8990.0,8991.0,95,375953
2025-08-02 02:22:00,8991.0,8991.0,8989.0,8990.0,226,375929
2025-08-02 02:23:00,8990.0,8990.0,8988.0,8989.0,134,375903
2025-08-02 02:24:00,8989.0,8991.0,8989.0,8990.0,133,375845
2025-08-02 02:25:00,8991.0,8992.0,8990.0,8991.0,136,375753
2025-08-02 02:26:00,8991.0,8991.0,8990.0,8991.0,126,375717
2025-08-02 02:27:00,8991.0,8993.0,8990.0,8992.0,444,375474
2025-08-02 02:28:00,8992.0,8994.0,8991.0,8994.0,386,375284
2025-08-02 02:29:00,8994.0,8994.0,8993.0,8993.0,424,375006
2025-08-02 02:30:00,8993.0,8995.0,8991.0,8995.0,1313,374183
2025-08-02 09:01:00,8994.0,8994.0,8994.0,8994.0,0,374181
2025-08-04 00:00:00,8999.0,9001.0,8972.0,8990.0,30476,378345
2025-08-04 09:01:00,8978.0,8980.0,8972.0,8975.0,5439,373284
2025-08-04 09:02:00,8974.0,8984.0,8974.0,8984.0,3257,372704
2025-08-04 09:03:00,8983.0,8987.0,8983.0,8983.0,1213,372776
2025-08-04 09:04:00,8984.0,8985.0,8975.0,8976.0,1730,372446
2025-08-04 09:05:00,8977.0,8981.0,8976.0,8980.0,1118,372438
2025-08-04 09:06:00,8979.0,8981.0,8977.0,8979.0,1030,372162
2025-08-04 09:07:00,8979.0,8980.0,8965.0,8966.0,3962,371296
2025-08-04 09:08:00,8966.0,8971.0,8966.0,8969.0,1555,371328
2025-08-04 09:09:00,8968.0,8969.0,8965.0,8968.0,964,371377
2025-08-04 09:10:00,8968.0,8968.0,8963.0,8963.0,1687,371349
2025-08-04 09:11:00,8963.0,8966.0,8955.0,8956.0,2900,370714
2025-08-04 09:12:00,8956.0,8961.0,8955.0,8960.0,1762,370624
2025-08-04 09:13:00,8961.0,8964.0,8959.0,8963.0,928,370469
2025-08-04 09:14:00,8963.0,8966.0,8962.0,8965.0,1309,370493
2025-08-04 09:15:00,8965.0,8966.0,8962.0,8964.0,857,370534
2025-08-04 09:16:00,8963.0,8970.0,8963.0,8969.0,1337,370587
2025-08-04 09:17:00,8969.0,8969.0,8961.0,8961.0,1042,370673
2025-08-04 09:18:00,8961.0,8962.0,8959.0,8960.0,726,370699
2025-08-04 09:19:00,8960.0,8961.0,8957.0,8961.0,917,370712
2025-08-04 09:20:00,8961.0,8962.0,8960.0,8962.0,642,370905
2025-08-04 09:21:00,8961.0,8965.0,8957.0,8958.0,1007,370683
2025-08-04 09:22:00,8957.0,8960.0,8955.0,8960.0,835,370636
2025-08-04 09:23:00,8959.0,8960.0,8956.0,8957.0,551,370574
2025-08-04 09:24:00,8956.0,8959.0,8956.0,8958.0,550,370597
2025-08-04 09:25:00,8958.0,8959.0,8955.0,8958.0,533,370625
2025-08-04 09:26:00,8958.0,8958.0,8956.0,8958.0,12,370625
2025-08-04 09:27:00,8958.0,8960.0,8957.0,8959.0,189,370736